OPP_PTS_OFF_TOV_PCT,TEAM_NAME
0.16189697465249386,DET
0.16123642439431912,UTA
0.15951972555746144,POR
0.15838800374882847,MIN
0.1567912488605287,CLE
