OPP_PTS_2ND_PCT,TEAM_NAME
0.1400709219858156,OKC
0.13870967741935483,WAS
0.13151152860802734,LAL
0.126230975828111,LAC
0.12572373862696443,SAS
