OPP_PTS_PAINT_PCT,TEAM_NAME
0.48529411764705876,IND
0.47598627787307035,POR
0.47016129032258064,WAS
0.46547314578005117,TOR
0.4598411297440424,PHI
