OPP_PTS_FB_PCT,TEAM_NAME
0.15037593984962405,UTA
0.14922813036020582,POR
0.14057239057239057,DAL
0.13834329632792486,LAL
0.13776337115072934,ATL
